timestamp,experiment_name,validation_scheme,seeds,total_oof_logloss,target_logloss_Q1,target_logloss_Q2,target_logloss_Q3,target_logloss_S1,target_logloss_S2,target_logloss_S3,target_logloss_S4,submission_file,feature_view_by_target,notes
2026-04-27T17:44:38+09:00,histmix_guarded_v1_reproduce,public_stratified,"[42, 1234, 9999, 7, 314, 2025, 777, 555]",0.5721963000561784,0.5908299119646745,0.5858004463179378,0.5872906761206133,0.524006523035354,0.5627880114362909,0.5438492249914041,0.6108093065269743,artifacts/submissions/submission_public_lgb_v3_public_lgb_targetwise_histmix_guarded_v1.csv,"{""Q1"": ""public_core"", ""Q2"": ""public_hist411"", ""Q3"": ""public_hist365"", ""S1"": ""public_core"", ""S2"": ""public_core"", ""S3"": ""public_core"", ""S4"": ""public_hist411""}","Reproduce current best target-wise hard switch: Q2/S4 public_hist411, Q3 public_hist365, others public_core."
2026-04-27T17:44:38+09:00,softblend_w090,public_stratified,"[42, 1234, 9999, 7, 314, 2025, 777, 555]",0.5721474375721535,0.5908299119646745,0.5855441901228076,0.587204894927569,0.524006523035354,0.5627880114362909,0.5438492249914041,0.6108093065269743,submissions/archive/softblend_initial/submission_softblend_w090.csv,"{""Q1"": ""public_core"", ""Q2"": ""blend(public_core=0.10,public_hist411=0.90)"", ""Q3"": ""blend(public_core=0.10,public_hist365=0.90)"", ""S1"": ""public_core"", ""S2"": ""public_core"", ""S3"": ""public_core"", ""S4"": ""public_hist411""}","Q2=0.90*hist411+0.10*core, Q3=0.90*hist365+0.10*core, S4=hist411."
2026-04-27T17:44:38+09:00,softblend_w085,public_stratified,"[42, 1234, 9999, 7, 314, 2025, 777, 555]",0.5721394374047376,0.5908299119646745,0.5854955567099239,0.587197527168542,0.524006523035354,0.5627880114362909,0.5438492249914041,0.6108093065269743,submissions/archive/softblend_initial/submission_softblend_w085.csv,"{""Q1"": ""public_core"", ""Q2"": ""blend(public_core=0.15,public_hist411=0.85)"", ""Q3"": ""blend(public_core=0.15,public_hist365=0.85)"", ""S1"": ""public_core"", ""S2"": ""public_core"", ""S3"": ""public_core"", ""S4"": ""public_hist411""}","Q2=0.85*hist411+0.15*core, Q3=0.85*hist365+0.15*core, S4=hist411."
2026-04-27T17:44:38+09:00,softblend_w095,public_stratified,"[42, 1234, 9999, 7, 314, 2025, 777, 555]",0.5721663642243604,0.5908299119646745,0.5856456489079174,0.5872359227079075,0.524006523035354,0.5627880114362909,0.5438492249914041,0.6108093065269743,submissions/archive/softblend_initial/submission_softblend_w095.csv,"{""Q1"": ""public_core"", ""Q2"": ""blend(public_core=0.05,public_hist411=0.95)"", ""Q3"": ""blend(public_core=0.05,public_hist365=0.95)"", ""S1"": ""public_core"", ""S2"": ""public_core"", ""S3"": ""public_core"", ""S4"": ""public_hist411""}","Q2=0.95*hist411+0.05*core, Q3=0.95*hist365+0.05*core, S4=hist411."
2026-04-29T00:55:46+09:00,guarded_v2_stable_tuned,public_stratified,"[42, 1234, 9999, 7, 314, 2025, 777, 555]",0.5687692970981916,0.5897099095137782,0.5797437479301609,0.5857936359348704,0.5160038457644708,0.5604306724988698,0.5388939615182169,0.6108093065269743,submissions/ready/next_stable_tuned.csv,"{""Q1"": {""candidate"": ""top300"", ""drift"": {""max_abs"": 0.03240765320960903, ""mean_abs"": 0.011672093263179341, ""ok"": true}, ""n_features"": 300, ""score"": 0.5897099095137782, ""source"": ""guarded_v2_stable_tuned"", ""target"": ""Q1""}, ""Q2"": {""candidate"": ""top250"", ""drift"": {""max_abs"": 0.035503537929838735, ""mean_abs"": 0.011815831670645871, ""ok"": true}, ""n_features"": 250, ""score"": 0.5797437479301609, ""source"": ""guarded_v2_stable_tuned"", ""target"": ""Q2""}, ""Q3"": {""candidate"": ""top250"", ""drift"": {""max_abs"": 0.032062880364365776, ""mean_abs"": 0.0076306983379938725, ""ok"": true}, ""n_features"": 250, ""score"": 0.5857936359348704, ""source"": ""guarded_v2_stable_tuned"", ""target"": ""Q3""}, ""S1"": {""candidate"": ""top300"", ""drift"": {""max_abs"": 0.03685014464457753, ""mean_abs"": 0.009404271250544433, ""ok"": true}, ""n_features"": 300, ""score"": 0.5160038457644708, ""source"": ""guarded_v2_stable_tuned"", ""target"": ""S1""}, ""S2"": {""candidate"": ""top400"", ""drift"": {""max_abs"": 0.020283010542208157, ""mean_abs"": 0.006133852203056591, ""ok"": true}, ""n_features"": 377, ""score"": 0.5604306724988698, ""source"": ""guarded_v2_stable_tuned"", ""target"": ""S2""}, ""S3"": {""candidate"": ""top300"", ""drift"": {""max_abs"": 0.031852971116954176, ""mean_abs"": 0.008227580487901816, ""ok"": true}, ""n_features"": 300, ""score"": 0.5388939615182169, ""source"": ""guarded_v2_stable_tuned"", ""target"": ""S3""}, ""S4"": {""candidate"": ""baseline"", ""drift"": {""max_abs"": 0.0, ""mean_abs"": 0.0, ""ok"": true}, ""n_features"": 411, ""score"": 0.6108093065269743, ""source"": ""public_lgb_targetwise_histmix_guarded_v1"", ""target"": ""S4""}}",LSTM notebook ideas used only as stable feature selection / lag-rolling inspiration; no PyTorch blend.
2026-04-29T00:55:46+09:00,guarded_v2_stable_tuned_conservative,public_stratified,"[42, 1234, 9999, 7, 314, 2025, 777, 555]",0.5691431603319972,0.5908299119646745,0.5797437479301609,0.5872906761206133,0.5160038457644708,0.5604306724988698,0.5388939615182169,0.6108093065269743,submissions/ready/next_stable_tuned_conservative.csv,"{""Q1"": {""candidate"": ""baseline"", ""drift"": {""max_abs"": 0.0, ""mean_abs"": 0.0, ""ok"": true}, ""n_features"": 556, ""score"": 0.5908299119646745, ""source"": ""public_lgb_targetwise_histmix_guarded_v1"", ""target"": ""Q1""}, ""Q2"": {""candidate"": ""top250"", ""drift"": {""max_abs"": 0.035503537929838735, ""mean_abs"": 0.011815831670645871, ""ok"": true}, ""n_features"": 250, ""score"": 0.5797437479301609, ""source"": ""guarded_v2_stable_tuned"", ""target"": ""Q2""}, ""Q3"": {""candidate"": ""baseline"", ""drift"": {""max_abs"": 0.0, ""mean_abs"": 0.0, ""ok"": true}, ""n_features"": 365, ""score"": 0.5872906761206133, ""source"": ""public_lgb_targetwise_histmix_guarded_v1"", ""target"": ""Q3""}, ""S1"": {""candidate"": ""top300"", ""drift"": {""max_abs"": 0.03685014464457753, ""mean_abs"": 0.009404271250544433, ""ok"": true}, ""n_features"": 300, ""score"": 0.5160038457644708, ""source"": ""guarded_v2_stable_tuned"", ""target"": ""S1""}, ""S2"": {""candidate"": ""top400"", ""drift"": {""max_abs"": 0.020283010542208157, ""mean_abs"": 0.006133852203056591, ""ok"": true}, ""n_features"": 377, ""score"": 0.5604306724988698, ""source"": ""guarded_v2_stable_tuned"", ""target"": ""S2""}, ""S3"": {""candidate"": ""top300"", ""drift"": {""max_abs"": 0.031852971116954176, ""mean_abs"": 0.008227580487901816, ""ok"": true}, ""n_features"": 300, ""score"": 0.5388939615182169, ""source"": ""guarded_v2_stable_tuned"", ""target"": ""S3""}, ""S4"": {""candidate"": ""baseline"", ""drift"": {""max_abs"": 0.0, ""mean_abs"": 0.0, ""ok"": true}, ""n_features"": 411, ""score"": 0.6108093065269743, ""source"": ""public_lgb_targetwise_histmix_guarded_v1"", ""target"": ""S4""}}",Conservative low-drift subset of guarded_v2_stable_tuned.
2026-04-29T01:20:04+09:00,target_history_prior_v1,public_stratified_fold_safe_target_history_prior,"[42, 1234, 9999, 7, 314, 2025, 777, 555]",0.5687689463208431,0.5897099095137782,0.5797437479301609,0.5857936359348704,0.5160038457644708,0.5604306724988698,0.5388939615182169,0.610806851085534,submissions/ready/next_target_history.csv,"{""Q1"": {""config"": {""future_scale"": 1.0, ""max_days"": 28, ""power"": 1.25, ""subject_weight"": 0.15}, ""drift"": {""max_abs"": 0.0, ""mean_abs"": 0.0, ""ok"": true}, ""prior_score"": 0.6352617931781686, ""score"": 0.5897099095137782, ""source"": ""public_lgb_targetwise_guarded_v2_stable_tuned"", ""weight"": 0.0}, ""Q2"": {""config"": {""future_scale"": 1.0, ""max_days"": 28, ""power"": 1.25, ""subject_weight"": 0.0}, ""drift"": {""max_abs"": 0.0, ""mean_abs"": 0.0, ""ok"": true}, ""prior_score"": 0.599061881730468, ""score"": 0.5797437479301609, ""source"": ""public_lgb_targetwise_guarded_v2_stable_tuned"", ""weight"": 0.0}, ""Q3"": {""config"": {""future_scale"": 1.0, ""max_days"": 28, ""power"": 1.25, ""subject_weight"": 0.15}, ""drift"": {""max_abs"": 0.0, ""mean_abs"": 0.0, ""ok"": true}, ""prior_score"": 0.6269141689989314, ""score"": 0.5857936359348704, ""source"": ""public_lgb_targetwise_guarded_v2_stable_tuned"", ""weight"": 0.0}, ""S1"": {""config"": {""future_scale"": 1.0, ""max_days"": 28, ""power"": 1.25, ""subject_weight"": 0.15}, ""drift"": {""max_abs"": 0.0, ""mean_abs"": 0.0, ""ok"": true}, ""prior_score"": 0.5919553624244064, ""score"": 0.5160038457644708, ""source"": ""public_lgb_targetwise_guarded_v2_stable_tuned"", ""weight"": 0.0}, ""S2"": {""config"": {""future_scale"": 1.0, ""max_days"": 28, ""power"": 1.25, ""subject_weight"": 0.15}, ""drift"": {""max_abs"": 0.0, ""mean_abs"": 0.0, ""ok"": true}, ""prior_score"": 0.5730161092833252, ""score"": 0.5604306724988698, ""source"": ""public_lgb_targetwise_guarded_v2_stable_tuned"", ""weight"": 0.0}, ""S3"": {""config"": {""future_scale"": 1.0, ""max_days"": 28, ""power"": 1.25, ""subject_weight"": 0.15}, ""drift"": {""max_abs"": 0.0, ""mean_abs"": 0.0, ""ok"": true}, ""prior_score"": 0.5542404916906495, ""score"": 0.5388939615182169, ""source"": ""public_lgb_targetwise_guarded_v2_stable_tuned"", ""weight"": 0.0}, ""S4"": {""config"": {""future_scale"": 1.0, ""max_days"": 28, ""power"": 1.25, ""subject_weight"": 0.15}, ""drift"": {""max_abs"": 0.007557229283314704, ""mean_abs"": 0.0018608542045886012, ""ok"": true}, ""prior_score"": 0.644167084934198, ""score"": 0.610806851085534, ""source"": ""target_history_prior_v1"", ""weight"": 0.02}}",Fast fold-safe target-history prior blend on stable_tuned anchor.
2026-04-29T01:20:04+09:00,target_history_prior_v1_conservative,public_stratified_fold_safe_target_history_prior,"[42, 1234, 9999, 7, 314, 2025, 777, 555]",0.5687692970981916,0.5897099095137782,0.5797437479301609,0.5857936359348704,0.5160038457644708,0.5604306724988698,0.5388939615182169,0.6108093065269743,submissions/ready/next_target_history_conservative.csv,"{""Q1"": {""config"": {""future_scale"": 1.0, ""max_days"": 28, ""power"": 1.25, ""subject_weight"": 0.15}, ""drift"": {""max_abs"": 0.0, ""mean_abs"": 0.0, ""ok"": true}, ""prior_score"": 0.6352617931781686, ""score"": 0.5897099095137782, ""source"": ""public_lgb_targetwise_guarded_v2_stable_tuned"", ""weight"": 0.0}, ""Q2"": {""config"": {""future_scale"": 1.0, ""max_days"": 28, ""power"": 1.25, ""subject_weight"": 0.0}, ""drift"": {""max_abs"": 0.0, ""mean_abs"": 0.0, ""ok"": true}, ""prior_score"": 0.599061881730468, ""score"": 0.5797437479301609, ""source"": ""public_lgb_targetwise_guarded_v2_stable_tuned"", ""weight"": 0.0}, ""Q3"": {""config"": {""future_scale"": 1.0, ""max_days"": 28, ""power"": 1.25, ""subject_weight"": 0.15}, ""drift"": {""max_abs"": 0.0, ""mean_abs"": 0.0, ""ok"": true}, ""prior_score"": 0.6269141689989314, ""score"": 0.5857936359348704, ""source"": ""public_lgb_targetwise_guarded_v2_stable_tuned"", ""weight"": 0.0}, ""S1"": {""config"": {""future_scale"": 1.0, ""max_days"": 28, ""power"": 1.25, ""subject_weight"": 0.15}, ""drift"": {""max_abs"": 0.0, ""mean_abs"": 0.0, ""ok"": true}, ""prior_score"": 0.5919553624244064, ""score"": 0.5160038457644708, ""source"": ""public_lgb_targetwise_guarded_v2_stable_tuned"", ""weight"": 0.0}, ""S2"": {""config"": {""future_scale"": 1.0, ""max_days"": 28, ""power"": 1.25, ""subject_weight"": 0.15}, ""drift"": {""max_abs"": 0.0, ""mean_abs"": 0.0, ""ok"": true}, ""prior_score"": 0.5730161092833252, ""score"": 0.5604306724988698, ""source"": ""public_lgb_targetwise_guarded_v2_stable_tuned"", ""weight"": 0.0}, ""S3"": {""config"": {""future_scale"": 1.0, ""max_days"": 28, ""power"": 1.25, ""subject_weight"": 0.15}, ""drift"": {""max_abs"": 0.0, ""mean_abs"": 0.0, ""ok"": true}, ""prior_score"": 0.5542404916906495, ""score"": 0.5388939615182169, ""source"": ""public_lgb_targetwise_guarded_v2_stable_tuned"", ""weight"": 0.0}, ""S4"": {""config"": {""future_scale"": 1.0, ""max_days"": 28, ""power"": 1.25, ""subject_weight"": 0.15}, ""drift"": {""max_abs"": 0.0, ""mean_abs"": 0.0, ""ok"": true}, ""prior_score"": 0.644167084934198, ""score"": 0.6108093065269743, ""source"": ""public_lgb_targetwise_guarded_v2_stable_tuned"", ""weight"": 0.0}}",Conservative target-history prior blend.
2026-04-29T01:22:01+09:00,calibrated_v1,public_stratified_posthoc_calibration,posthoc,0.5649741834032371,0.5881326584162082,0.5765684548199349,0.5810641229147396,0.5106130426294175,0.5553221384858634,0.5349608162976136,0.6081580502588829,submissions/ready/next_calibrated.csv,"{""Q1"": {""bias"": 0.0, ""score"": 0.5881326584162082, ""temp"": 1.16}, ""Q2"": {""bias"": -0.12000000000000001, ""score"": 0.5765684548199349, ""temp"": 1.2}, ""Q3"": {""bias"": -0.16, ""score"": 0.5810641229147396, ""temp"": 1.2}, ""S1"": {""bias"": -0.2, ""score"": 0.5106130426294175, ""temp"": 1.2}, ""S2"": {""bias"": -0.19, ""score"": 0.5553221384858634, ""temp"": 1.2}, ""S3"": {""bias"": -0.2, ""score"": 0.5349608162976136, ""temp"": 1.2}, ""S4"": {""bias"": -0.07, ""score"": 0.6081580502588829, ""temp"": 1.2}}",Per-target logit temperature/bias calibration from stable_tuned OOF.
2026-04-29T01:22:01+09:00,calibrated_v1_conservative,public_stratified_posthoc_calibration,posthoc,0.5663894518132937,0.5885354926149562,0.5776026155664916,0.5829660121602639,0.5127844926153756,0.5573741743944403,0.5363700056037003,0.6090933697378281,submissions/ready/next_calibrated_conservative.csv,"{""Q1"": {""bias"": 0.0, ""score"": 0.5881326584162082, ""temp"": 1.16}, ""Q2"": {""bias"": -0.12000000000000001, ""score"": 0.5765684548199349, ""temp"": 1.2}, ""Q3"": {""bias"": -0.16, ""score"": 0.5810641229147396, ""temp"": 1.2}, ""S1"": {""bias"": -0.2, ""score"": 0.5106130426294175, ""temp"": 1.2}, ""S2"": {""bias"": -0.19, ""score"": 0.5553221384858634, ""temp"": 1.2}, ""S3"": {""bias"": -0.2, ""score"": 0.5349608162976136, ""temp"": 1.2}, ""S4"": {""bias"": -0.07, ""score"": 0.6081580502588829, ""temp"": 1.2}}",50% blend between stable_tuned and calibrated probabilities.
2026-04-30T00:07:39+09:00,calib_tight_v1,public_stratified_posthoc_tight_calibration,posthoc,0.5645484761869698,0.5881326584162082,0.5765684548199349,0.5803423491563215,0.5096243336936893,0.554052670666138,0.5349608162976136,0.6081580502588829,submissions/ready/lgb_calib_tight.csv,"{""blend"": 1.0, ""overrides"": {""Q3"": {""bias"": -0.21, ""temp"": 1.3}, ""S1"": {""bias"": -0.34, ""temp"": 1.3}, ""S2"": {""bias"": -0.27, ""temp"": 1.35}}}",Tighter per-target calibration on Q3/S1/S2 only; other targets frozen at current best.
2026-04-30T00:07:39+09:00,calib_tight_v1_safe,public_stratified_posthoc_tight_calibration,posthoc,0.5646528061990946,0.5881326584162082,0.5765684548199349,0.580546325666149,0.5098224007604079,0.5543809371744662,0.5349608162976136,0.6081580502588829,submissions/ready/lgb_calib_tight_safe.csv,"{""blend"": 0.6, ""overrides"": {""Q3"": {""bias"": -0.21, ""temp"": 1.3}, ""S1"": {""bias"": -0.34, ""temp"": 1.3}, ""S2"": {""bias"": -0.27, ""temp"": 1.35}}}",60% blend between current best calibration and tight Q3/S1/S2 calibration.
2026-04-30T11:56:39+09:00,calib_micro_v1,public_stratified_posthoc_micro_calibration,posthoc,0.5644909064044111,0.5881326584162082,0.5765684548199349,0.5802884703721437,0.5096157219877728,0.5540115407655546,0.5347727288063144,0.6080467696629491,submissions/ready/lgb_calib_micro.csv,"{""Q1"": {""bias"": 0.0, ""temp"": 1.16}, ""Q2"": {""bias"": -0.12000000000000001, ""temp"": 1.2}, ""Q3"": {""bias"": -0.22, ""temp"": 1.34}, ""S1"": {""bias"": -0.35, ""temp"": 1.32}, ""S2"": {""bias"": -0.29, ""temp"": 1.38}, ""S3"": {""bias"": -0.24, ""temp"": 1.26}, ""S4"": {""bias"": -0.08, ""temp"": 1.25}}",Micro calibration on Q3/S1/S2/S3/S4 with Q2 frozen.
2026-04-30T11:56:39+09:00,calib_micro_v1_safe,public_stratified_posthoc_micro_calibration,posthoc,0.5645336732740158,0.5881326584162082,0.5765684548199349,0.5802884703721437,0.5096157219877728,0.5540115407655546,0.5349608162976136,0.6081580502588829,submissions/ready/lgb_calib_micro_safe.csv,"{""Q1"": {""bias"": 0.0, ""temp"": 1.16}, ""Q2"": {""bias"": -0.12000000000000001, ""temp"": 1.2}, ""Q3"": {""bias"": -0.22, ""temp"": 1.34}, ""S1"": {""bias"": -0.35, ""temp"": 1.32}, ""S2"": {""bias"": -0.29, ""temp"": 1.38}, ""S3"": {""bias"": -0.2, ""temp"": 1.2}, ""S4"": {""bias"": -0.07, ""temp"": 1.2}}",Safe micro calibration on Q3/S1/S2 only.
2026-04-30T13:27:40+09:00,q3s1s2_boost_v1,public_stratified_posthoc_q3s1s2_boost,posthoc,0.5645387051310182,0.5881326584162082,0.5765684548199349,0.5803008484571172,0.5096356722935417,0.5540144353738293,0.5349608162976136,0.6081580502588829,submissions/ready/lgb_q3s1s2_boost.csv,"{""alpha"": 1.2, ""params"": {""Q1"": {""bias"": 0.0, ""temp"": 1.16}, ""Q2"": {""bias"": -0.12000000000000001, ""temp"": 1.2}, ""Q3"": {""bias"": -0.21999999999999997, ""temp"": 1.32}, ""S1"": {""bias"": -0.368, ""temp"": 1.32}, ""S2"": {""bias"": -0.28600000000000003, ""temp"": 1.3800000000000001}, ""S3"": {""bias"": -0.2, ""temp"": 1.2}, ""S4"": {""bias"": -0.07, ""temp"": 1.2}}}",Q3/S1/S2-only calibration boost alpha=1.20; S3/S4 frozen.
2026-04-30T13:27:40+09:00,q3s1s2_boost_v1_safe,public_stratified_posthoc_q3s1s2_boost,posthoc,0.5645405342510862,0.5881326584162082,0.5765684548199349,0.5803174045666196,0.5096214785008611,0.5540248768974834,0.5349608162976136,0.6081580502588829,submissions/ready/lgb_q3s1s2_boost_safe.csv,"{""alpha"": 1.1, ""params"": {""Q1"": {""bias"": 0.0, ""temp"": 1.16}, ""Q2"": {""bias"": -0.12000000000000001, ""temp"": 1.2}, ""Q3"": {""bias"": -0.215, ""temp"": 1.31}, ""S1"": {""bias"": -0.35400000000000004, ""temp"": 1.31}, ""S2"": {""bias"": -0.278, ""temp"": 1.3650000000000002}, ""S3"": {""bias"": -0.2, ""temp"": 1.2}, ""S4"": {""bias"": -0.07, ""temp"": 1.2}}}",Q3/S1/S2-only calibration boost alpha=1.10; S3/S4 frozen.
2026-04-30T22:31:55+09:00,s4_top50_v1,public_stratified_s4_top50,"[42, 1234, 9999, 7, 314, 2025, 777, 555]",0.5583579944816833,0.5881326584162082,0.5765684548199349,0.5803423491563215,0.5096243336936893,0.554052670666138,0.5349608162976136,0.5648246783218781,submissions/ready/lgb_s4_top50.csv,"{""S4"": {""calibration"": {""bias"": -0.075, ""temp"": 1.16}, ""fold_rows"": [{""fold"": 0, ""logloss"": 0.6114579630098944, ""seed"": 42, ""target"": ""S4""}, {""fold"": 1, ""logloss"": 0.6081513561998174, ""seed"": 42, ""target"": ""S4""}, {""fold"": 2, ""logloss"": 0.5968749093596766, ""seed"": 42, ""target"": ""S4""}, {""fold"": 3, ""logloss"": 0.5512240536973357, ""seed"": 42, ""target"": ""S4""}, {""fold"": 4, ""logloss"": 0.6010545854285401, ""seed"": 42, ""target"": ""S4""}, {""fold"": 0, ""logloss"": 0.5108327972016411, ""seed"": 1234, ""target"": ""S4""}, {""fold"": 1, ""logloss"": 0.5553823186810797, ""seed"": 1234, ""target"": ""S4""}, {""fold"": 2, ""logloss"": 0.6235452529272743, ""seed"": 1234, ""target"": ""S4""}, {""fold"": 3, ""logloss"": 0.5786990909864931, ""seed"": 1234, ""target"": ""S4""}, {""fold"": 4, ""logloss"": 0.6396792151577041, ""seed"": 1234, ""target"": ""S4""}, {""fold"": 0, ""logloss"": 0.5484219799777911, ""seed"": 9999, ""target"": ""S4""}, {""fold"": 1, ""logloss"": 0.5677947309707574, ""seed"": 9999, ""target"": ""S4""}, {""fold"": 2, ""logloss"": 0.684102462151978, ""seed"": 9999, ""target"": ""S4""}, {""fold"": 3, ""logloss"": 0.6328056153308493, ""seed"": 9999, ""target"": ""S4""}, {""fold"": 4, ""logloss"": 0.5925577602957978, ""seed"": 9999, ""target"": ""S4""}, {""fold"": 0, ""logloss"": 0.5212900214588884, ""seed"": 7, ""target"": ""S4""}, {""fold"": 1, ""logloss"": 0.5995861117494986, ""seed"": 7, ""target"": ""S4""}, {""fold"": 2, ""logloss"": 0.5433774704317238, ""seed"": 7, ""target"": ""S4""}, {""fold"": 3, ""logloss"": 0.5910851323790458, ""seed"": 7, ""target"": ""S4""}, {""fold"": 4, ""logloss"": 0.5978352180707348, ""seed"": 7, ""target"": ""S4""}, {""fold"": 0, ""logloss"": 0.6290675083916871, ""seed"": 314, ""target"": ""S4""}, {""fold"": 1, ""logloss"": 0.555157978474545, ""seed"": 314, ""target"": ""S4""}, {""fold"": 2, ""logloss"": 0.5268163997426809, ""seed"": 314, ""target"": ""S4""}, {""fold"": 3, ""logloss"": 0.5776890452413963, ""seed"": 314, ""target"": ""S4""}, {""fold"": 4, ""logloss"": 0.5987018795980675, ""seed"": 314, ""target"": ""S4""}, {""fold"": 0, ""logloss"": 0.5418447882507746, ""seed"": 2025, ""target"": ""S4""}, {""fold"": 1, ""logloss"": 0.6343962302932696, ""seed"": 2025, ""target"": ""S4""}, {""fold"": 2, ""logloss"": 0.5727937408666107, ""seed"": 2025, ""target"": ""S4""}, {""fold"": 3, ""logloss"": 0.6066599221128518, ""seed"": 2025, ""target"": ""S4""}, {""fold"": 4, ""logloss"": 0.5640676063653833, ""seed"": 2025, ""target"": ""S4""}, {""fold"": 0, ""logloss"": 0.5860428191904729, ""seed"": 777, ""target"": ""S4""}, {""fold"": 1, ""logloss"": 0.609523250216024, ""seed"": 777, ""target"": ""S4""}, {""fold"": 2, ""logloss"": 0.5539738725166243, ""seed"": 777, ""target"": ""S4""}, {""fold"": 3, ""logloss"": 0.6571307705758835, ""seed"": 777, ""target"": ""S4""}, {""fold"": 4, ""logloss"": 0.5640304947858926, ""seed"": 777, ""target"": ""S4""}, {""fold"": 0, ""logloss"": 0.5144255305648561, ""seed"": 555, ""target"": ""S4""}, {""fold"": 1, ""logloss"": 0.6000258490080986, ""seed"": 555, ""target"": ""S4""}, {""fold"": 2, ""logloss"": 0.6320501332084147, ""seed"": 555, ""target"": ""S4""}, {""fold"": 3, ""logloss"": 0.5454843380016554, ""seed"": 555, ""target"": ""S4""}, {""fold"": 4, ""logloss"": 0.5604101565855579, ""seed"": 555, ""target"": ""S4""}], ""n_features"": 50, ""params"": ""PUBLIC_LGB_PARAMS"", ""source"": ""public_hist411_importance_top50""}}",S4-only top50 LGB replacement with S4 logit calibration.
2026-04-30T22:31:55+09:00,s4_top50_v1_blend,public_stratified_s4_top50,"[42, 1234, 9999, 7, 314, 2025, 777, 555]",0.5597962943587443,0.5881326584162082,0.5765684548199349,0.5803423491563215,0.5096243336936893,0.554052670666138,0.5349608162976136,0.5748927774613053,submissions/ready/lgb_s4_top50_blend.csv,"{""S4"": {""calibration"": {""bias"": -0.075, ""temp"": 1.16}, ""fold_rows"": [{""fold"": 0, ""logloss"": 0.6114579630098944, ""seed"": 42, ""target"": ""S4""}, {""fold"": 1, ""logloss"": 0.6081513561998174, ""seed"": 42, ""target"": ""S4""}, {""fold"": 2, ""logloss"": 0.5968749093596766, ""seed"": 42, ""target"": ""S4""}, {""fold"": 3, ""logloss"": 0.5512240536973357, ""seed"": 42, ""target"": ""S4""}, {""fold"": 4, ""logloss"": 0.6010545854285401, ""seed"": 42, ""target"": ""S4""}, {""fold"": 0, ""logloss"": 0.5108327972016411, ""seed"": 1234, ""target"": ""S4""}, {""fold"": 1, ""logloss"": 0.5553823186810797, ""seed"": 1234, ""target"": ""S4""}, {""fold"": 2, ""logloss"": 0.6235452529272743, ""seed"": 1234, ""target"": ""S4""}, {""fold"": 3, ""logloss"": 0.5786990909864931, ""seed"": 1234, ""target"": ""S4""}, {""fold"": 4, ""logloss"": 0.6396792151577041, ""seed"": 1234, ""target"": ""S4""}, {""fold"": 0, ""logloss"": 0.5484219799777911, ""seed"": 9999, ""target"": ""S4""}, {""fold"": 1, ""logloss"": 0.5677947309707574, ""seed"": 9999, ""target"": ""S4""}, {""fold"": 2, ""logloss"": 0.684102462151978, ""seed"": 9999, ""target"": ""S4""}, {""fold"": 3, ""logloss"": 0.6328056153308493, ""seed"": 9999, ""target"": ""S4""}, {""fold"": 4, ""logloss"": 0.5925577602957978, ""seed"": 9999, ""target"": ""S4""}, {""fold"": 0, ""logloss"": 0.5212900214588884, ""seed"": 7, ""target"": ""S4""}, {""fold"": 1, ""logloss"": 0.5995861117494986, ""seed"": 7, ""target"": ""S4""}, {""fold"": 2, ""logloss"": 0.5433774704317238, ""seed"": 7, ""target"": ""S4""}, {""fold"": 3, ""logloss"": 0.5910851323790458, ""seed"": 7, ""target"": ""S4""}, {""fold"": 4, ""logloss"": 0.5978352180707348, ""seed"": 7, ""target"": ""S4""}, {""fold"": 0, ""logloss"": 0.6290675083916871, ""seed"": 314, ""target"": ""S4""}, {""fold"": 1, ""logloss"": 0.555157978474545, ""seed"": 314, ""target"": ""S4""}, {""fold"": 2, ""logloss"": 0.5268163997426809, ""seed"": 314, ""target"": ""S4""}, {""fold"": 3, ""logloss"": 0.5776890452413963, ""seed"": 314, ""target"": ""S4""}, {""fold"": 4, ""logloss"": 0.5987018795980675, ""seed"": 314, ""target"": ""S4""}, {""fold"": 0, ""logloss"": 0.5418447882507746, ""seed"": 2025, ""target"": ""S4""}, {""fold"": 1, ""logloss"": 0.6343962302932696, ""seed"": 2025, ""target"": ""S4""}, {""fold"": 2, ""logloss"": 0.5727937408666107, ""seed"": 2025, ""target"": ""S4""}, {""fold"": 3, ""logloss"": 0.6066599221128518, ""seed"": 2025, ""target"": ""S4""}, {""fold"": 4, ""logloss"": 0.5640676063653833, ""seed"": 2025, ""target"": ""S4""}, {""fold"": 0, ""logloss"": 0.5860428191904729, ""seed"": 777, ""target"": ""S4""}, {""fold"": 1, ""logloss"": 0.609523250216024, ""seed"": 777, ""target"": ""S4""}, {""fold"": 2, ""logloss"": 0.5539738725166243, ""seed"": 777, ""target"": ""S4""}, {""fold"": 3, ""logloss"": 0.6571307705758835, ""seed"": 777, ""target"": ""S4""}, {""fold"": 4, ""logloss"": 0.5640304947858926, ""seed"": 777, ""target"": ""S4""}, {""fold"": 0, ""logloss"": 0.5144255305648561, ""seed"": 555, ""target"": ""S4""}, {""fold"": 1, ""logloss"": 0.6000258490080986, ""seed"": 555, ""target"": ""S4""}, {""fold"": 2, ""logloss"": 0.6320501332084147, ""seed"": 555, ""target"": ""S4""}, {""fold"": 3, ""logloss"": 0.5454843380016554, ""seed"": 555, ""target"": ""S4""}, {""fold"": 4, ""logloss"": 0.5604101565855579, ""seed"": 555, ""target"": ""S4""}], ""n_features"": 50, ""params"": ""PUBLIC_LGB_PARAMS"", ""source"": ""public_hist411_importance_top50""}, ""blend_weight"": 0.7}",S4-only 70% top50 + 30% current-best blend.
2026-05-01T00:38:21+09:00,public_feedback_v1,public_feedback_posthoc,posthoc,0.5645576970631341,0.5881326584162082,0.5765684548199349,0.5803648280221916,0.5096365317131435,0.5540825399139642,0.5349608162976136,0.6081580502588829,submissions/ready/lgb_publicfit_qs.csv,"{""params"": {""Q1"": {""bias"": 0.0, ""temp"": 1.16}, ""Q2"": {""bias"": -0.12000000000000001, ""temp"": 1.2}, ""Q3"": {""bias"": -0.2065, ""temp"": 1.2930000000000001}, ""S1"": {""bias"": -0.33020000000000005, ""temp"": 1.2930000000000001}, ""S2"": {""bias"": -0.2644, ""temp"": 1.3395000000000001}, ""S3"": {""bias"": -0.2, ""temp"": 1.2}, ""S4"": {""bias"": -0.07, ""temp"": 1.2}}, ""publicfit_alpha"": 0.93}",Public quadratic fit on Q3/S1/S2 only.
2026-05-01T00:38:21+09:00,public_feedback_v1_57_antis4_probe,public_feedback_posthoc,posthoc,0.5653974623125179,0.5881326584162082,0.5765684548199349,0.5803648280221916,0.5096365317131435,0.5540825399139642,0.5349608162976136,0.6140364070045695,submissions/ready/lgb_57_antis4_probe.csv,"{""anti_s4_beta"": -0.1, ""failed_s4_source"": ""public_lgb_targetwise_s4_top50_v1"", ""params"": {""Q1"": {""bias"": 0.0, ""temp"": 1.16}, ""Q2"": {""bias"": -0.12000000000000001, ""temp"": 1.2}, ""Q3"": {""bias"": -0.2065, ""temp"": 1.2930000000000001}, ""S1"": {""bias"": -0.33020000000000005, ""temp"": 1.2930000000000001}, ""S2"": {""bias"": -0.2644, ""temp"": 1.3395000000000001}, ""S3"": {""bias"": -0.2, ""temp"": 1.2}, ""S4"": {""bias"": -0.07, ""temp"": 1.2}}, ""publicfit_alpha"": 0.93}",Publicfit Q3/S1/S2 plus small anti-S4 move opposite failed top50 direction.
2026-05-01T01:03:59+09:00,temporal_prior_v1,loo_bidirectional_temporal_prior,posthoc,0.5628776447116296,0.5782917207801721,0.571879164183724,0.5790395887276039,0.5095686862785245,0.5537399822793218,0.533587963727492,0.6140364070045695,submissions/ready/lgb_temporal_prior.csv,"{""base_run"": ""public_lgb_targetwise_57_antis4_probe_v1"", ""blend_weights"": {""Q1"": 0.27, ""Q2"": 0.25, ""Q3"": 0.12, ""S1"": 0.02, ""S2"": 0.07, ""S3"": 0.14, ""S4"": 0.0}, ""prior_config"": {""global_weight"": 0.05, ""kind"": ""power"", ""max_days"": 7, ""power"": 2.0, ""subject_weight"": 0.05}}",Bidirectional same-subject temporal label prior blended into current public best.
2026-05-01T01:03:59+09:00,temporal_prior_v1_safe,loo_bidirectional_temporal_prior,posthoc,0.5632553889012931,0.5797367296996409,0.5725723649572205,0.5792681429448818,0.5095818812767702,0.5537867661401039,0.5338054302858649,0.6140364070045695,submissions/ready/lgb_temporal_prior_safe.csv,"{""base_run"": ""public_lgb_targetwise_57_antis4_probe_v1"", ""blend_weights"": {""Q1"": 0.162, ""Q2"": 0.15, ""Q3"": 0.072, ""S1"": 0.012, ""S2"": 0.042, ""S3"": 0.084, ""S4"": 0.0}, ""prior_config"": {""global_weight"": 0.05, ""kind"": ""power"", ""max_days"": 7, ""power"": 2.0, ""subject_weight"": 0.05}}",Safe 60% blend of bidirectional temporal label prior.
2026-05-02T00:04:11+09:00,temporal_targetwise_v1,loo_targetwise_bidirectional_temporal_prior,posthoc,0.5598445121450588,0.576383861095331,0.5704755789435806,0.5760261398371168,0.5085785568286453,0.5472188780919002,0.5261921632142684,0.6140364070045695,submissions/ready/lgb_temporal_targetwise.csv,"{""base_run"": ""public_lgb_targetwise_57_antis4_probe_v1"", ""blend_weights"": {""Q1"": 0.27, ""Q2"": 0.26, ""Q3"": 0.18, ""S1"": 0.07, ""S2"": 0.43, ""S3"": 0.57, ""S4"": 0.0}, ""target_prior_configs"": {""Q1"": {""global_weight"": 0.05, ""kind"": ""power"", ""max_days"": 7, ""power"": 3.0, ""subject_weight"": 0.05}, ""Q2"": {""global_weight"": 0.05, ""kind"": ""power"", ""max_days"": 5, ""power"": 2.0, ""subject_weight"": 0.05}, ""Q3"": {""global_weight"": 0.05, ""kind"": ""power"", ""max_days"": 3, ""power"": 3.0, ""subject_weight"": 0.05}, ""S1"": {""global_weight"": 0.05, ""kind"": ""power"", ""max_days"": 3, ""power"": 3.0, ""subject_weight"": 0.05}, ""S2"": {""global_weight"": 0.05, ""kind"": ""exp"", ""max_days"": 21, ""subject_weight"": 0.05, ""tau"": 45.0}, ""S3"": {""global_weight"": 0.05, ""kind"": ""exp"", ""max_days"": 90, ""subject_weight"": 0.05, ""tau"": 45.0}, ""S4"": {""global_weight"": 0.05, ""kind"": ""exp"", ""max_days"": 21, ""subject_weight"": 0.05, ""tau"": 45.0}}}",Target-wise temporal prior candidate with S4 frozen.
2026-05-02T00:04:11+09:00,temporal_targetwise_v1_s4_probe,loo_targetwise_bidirectional_temporal_prior,posthoc,0.559687095376793,0.576383861095331,0.5704755789435806,0.5760261398371168,0.5085785568286453,0.5472188780919002,0.5261921632142684,0.6129344896267084,submissions/ready/lgb_temporal_targetwise_s4.csv,"{""base_run"": ""public_lgb_targetwise_57_antis4_probe_v1"", ""blend_weights"": {""Q1"": 0.27, ""Q2"": 0.26, ""Q3"": 0.18, ""S1"": 0.07, ""S2"": 0.43, ""S3"": 0.57, ""S4"": 0.19}, ""target_prior_configs"": {""Q1"": {""global_weight"": 0.05, ""kind"": ""power"", ""max_days"": 7, ""power"": 3.0, ""subject_weight"": 0.05}, ""Q2"": {""global_weight"": 0.05, ""kind"": ""power"", ""max_days"": 5, ""power"": 2.0, ""subject_weight"": 0.05}, ""Q3"": {""global_weight"": 0.05, ""kind"": ""power"", ""max_days"": 3, ""power"": 3.0, ""subject_weight"": 0.05}, ""S1"": {""global_weight"": 0.05, ""kind"": ""power"", ""max_days"": 3, ""power"": 3.0, ""subject_weight"": 0.05}, ""S2"": {""global_weight"": 0.05, ""kind"": ""exp"", ""max_days"": 21, ""subject_weight"": 0.05, ""tau"": 45.0}, ""S3"": {""global_weight"": 0.05, ""kind"": ""exp"", ""max_days"": 90, ""subject_weight"": 0.05, ""tau"": 45.0}, ""S4"": {""global_weight"": 0.05, ""kind"": ""exp"", ""max_days"": 21, ""subject_weight"": 0.05, ""tau"": 45.0}}}",Target-wise temporal prior candidate including small S4 movement.
2026-05-02T00:17:41+09:00,temporal_push_v1,temporal_public_success_push,posthoc,0.5595372562363035,0.575612226578049,0.5698765176651184,0.575384300511451,0.5084955520353149,0.5471762740785125,0.5261795157811088,0.6140364070045695,submissions/archive/2026-05-02_push_failed/lgb_temporal_push.csv,"{""alpha_by_target"": {""Q1"": 2.0, ""Q2"": 2.0, ""Q3"": 1.72, ""S1"": 1.39, ""S2"": 1.09, ""S3"": 1.04, ""S4"": 0.0}, ""current_run"": ""public_lgb_targetwise_temporal_targetwise_v1"", ""prior_run"": ""public_lgb_targetwise_temporal_prior_v1"", ""s4_frozen"": true}",Target-specific push along public-success temporal direction with S4 frozen.
2026-05-02T00:17:41+09:00,temporal_push_v1_s4,temporal_public_success_push,posthoc,0.5593892799690144,0.575612226578049,0.5698765176651184,0.575384300511451,0.5084955520353149,0.5471762740785125,0.5261795157811088,0.6130005731335464,submissions/archive/2026-05-02_push_failed/lgb_temporal_push_s4.csv,"{""alpha_by_target"": {""Q1"": 2.0, ""Q2"": 2.0, ""Q3"": 1.72, ""S1"": 1.39, ""S2"": 1.09, ""S3"": 1.04, ""S4"": 0.0}, ""current_run"": ""public_lgb_targetwise_temporal_targetwise_v1"", ""prior_run"": ""public_lgb_targetwise_temporal_prior_v1"", ""s4_beta"": 0.75, ""s4_frozen"": false, ""s4_source_run"": ""public_lgb_targetwise_temporal_targetwise_s4_v1""}",Target-specific push plus small S4 temporal movement.
2026-05-02T00:24:56+09:00,temporal_s4_recovery_v1,temporal_s4_recovery,posthoc,0.5597257732229625,0.576383861095331,0.5704755789435806,0.5760261398371168,0.5085785568286453,0.5472188780919002,0.5261921632142684,0.6132052345498947,submissions/ready/lgb_temporal_s4half.csv,"{""current_run"": ""public_lgb_targetwise_temporal_targetwise_v1"", ""s4_beta"": 0.5, ""s4_run"": ""public_lgb_targetwise_temporal_targetwise_s4_v1""}",S4-only half step from current best toward temporal S4 probe after over-push failed.
2026-05-03T00:05:41+09:00,temporal_s4_beta_v1_b065,temporal_s4_beta,posthoc,0.5597058456560372,0.576383861095331,0.5704755789435806,0.5760261398371168,0.5085785568286453,0.5472188780919002,0.5261921632142684,0.6130657415814186,submissions/ready/lgb_temporal_s4b065.csv,"{""current_run"": ""public_lgb_targetwise_temporal_targetwise_v1"", ""s4_beta"": 0.65, ""s4_full_run"": ""public_lgb_targetwise_temporal_targetwise_s4_v1""}",S4-only beta continuation after beta 0.50 improved public.
2026-05-03T00:11:12+09:00,temporal_s4_beta_v1_b075,temporal_s4_beta,posthoc,0.5596965358777698,0.576383861095331,0.5704755789435806,0.5760261398371168,0.5085785568286453,0.5472188780919002,0.5261921632142684,0.6130005731335464,submissions/ready/lgb_temporal_s4b075.csv,"{""current_run"": ""public_lgb_targetwise_temporal_targetwise_v1"", ""s4_beta"": 0.75, ""s4_full_run"": ""public_lgb_targetwise_temporal_targetwise_s4_v1""}",S4-only beta continuation after beta 0.50 improved public.
2026-05-03T00:11:12+09:00,temporal_s4_beta_v1_b085,temporal_s4_beta,posthoc,0.5596903927971973,0.576383861095331,0.5704755789435806,0.5760261398371168,0.5085785568286453,0.5472188780919002,0.5261921632142684,0.6129575715695396,submissions/ready/lgb_temporal_s4b085.csv,"{""current_run"": ""public_lgb_targetwise_temporal_targetwise_v1"", ""s4_beta"": 0.85, ""s4_full_run"": ""public_lgb_targetwise_temporal_targetwise_s4_v1""}",S4-only beta continuation after beta 0.50 improved public.
2026-05-03T00:15:36+09:00,temporal_s4_beta_v1_b095,temporal_s4_beta,posthoc,0.5596874068836429,0.576383861095331,0.5704755789435806,0.5760261398371168,0.5085785568286453,0.5472188780919002,0.5261921632142684,0.6129366701746584,submissions/ready/lgb_temporal_s4b095.csv,"{""current_run"": ""public_lgb_targetwise_temporal_targetwise_v1"", ""s4_beta"": 0.95, ""s4_full_run"": ""public_lgb_targetwise_temporal_targetwise_s4_v1""}",S4-only beta continuation after beta 0.50 improved public.
2026-05-03T00:15:36+09:00,temporal_s4_beta_v1_b100,temporal_s4_beta,posthoc,0.559687095376793,0.576383861095331,0.5704755789435806,0.5760261398371168,0.5085785568286453,0.5472188780919002,0.5261921632142684,0.6129344896267084,submissions/ready/lgb_temporal_s4b100.csv,"{""current_run"": ""public_lgb_targetwise_temporal_targetwise_v1"", ""s4_beta"": 1.0, ""s4_full_run"": ""public_lgb_targetwise_temporal_targetwise_s4_v1""}",S4-only beta continuation after beta 0.50 improved public.
2026-05-03T00:15:36+09:00,temporal_s4_beta_v1_b110,temporal_s4_beta,posthoc,0.5596888312564241,0.576383861095331,0.5704755789435806,0.5760261398371168,0.5085785568286453,0.5472188780919002,0.5261921632142684,0.6129466407841268,submissions/ready/lgb_temporal_s4b110.csv,"{""current_run"": ""public_lgb_targetwise_temporal_targetwise_v1"", ""s4_beta"": 1.1, ""s4_full_run"": ""public_lgb_targetwise_temporal_targetwise_s4_v1""}",S4-only beta continuation after beta 0.50 improved public.
2026-05-04T00:08:17+09:00,today_s4_extension_20260504_b115,today_s4_extension,posthoc,0.5596908773694692,0.576383861095331,0.5704755789435806,0.5760261398371168,0.5085785568286453,0.5472188780919002,0.5261921632142684,0.612960963575442,submissions/ready/lgb_temporal_s4b115.csv,"{""anchor_run"": ""public_lgb_targetwise_temporal_targetwise_v1"", ""fixed_targets"": [""Q1"", ""Q2"", ""Q3"", ""S1"", ""S2"", ""S3""], ""s4_beta"": 1.15, ""s4_full_run"": ""public_lgb_targetwise_temporal_targetwise_s4_v1""}",2026-05-04 upload candidate: isolated S4 beta extension from the current public best.
2026-05-04T00:08:17+09:00,today_s4_extension_20260504_b120,today_s4_extension,posthoc,0.5596937082641074,0.576383861095331,0.5704755789435806,0.5760261398371168,0.5085785568286453,0.5472188780919002,0.5261921632142684,0.6129807798379097,submissions/ready/lgb_temporal_s4b120.csv,"{""anchor_run"": ""public_lgb_targetwise_temporal_targetwise_v1"", ""fixed_targets"": [""Q1"", ""Q2"", ""Q3"", ""S1"", ""S2"", ""S3""], ""s4_beta"": 1.2, ""s4_full_run"": ""public_lgb_targetwise_temporal_targetwise_s4_v1""}",2026-05-04 upload candidate: isolated S4 beta extension from the current public best.
2026-05-04T00:08:17+09:00,today_s4_extension_20260504_b130,today_s4_extension,posthoc,0.5597017230477448,0.576383861095331,0.5704755789435806,0.5760261398371168,0.5085785568286453,0.5472188780919002,0.5261921632142684,0.6130368833233714,submissions/ready/lgb_temporal_s4b130.csv,"{""anchor_run"": ""public_lgb_targetwise_temporal_targetwise_v1"", ""fixed_targets"": [""Q1"", ""Q2"", ""Q3"", ""S1"", ""S2"", ""S3""], ""s4_beta"": 1.3, ""s4_full_run"": ""public_lgb_targetwise_temporal_targetwise_s4_v1""}",2026-05-04 upload candidate: isolated S4 beta extension from the current public best.
2026-05-04T00:16:05+09:00,toward_57_s4_ladder_20260504_b200,toward_57_s4_ladder,posthoc,0.5598457669245762,0.576383861095331,0.5704755789435806,0.5760261398371168,0.5085785568286453,0.5472188780919002,0.5261921632142684,0.6140451904611918,submissions/ready/lgb_temporal_s4b200.csv,"{""anchor_run"": ""public_lgb_targetwise_temporal_targetwise_v1"", ""fixed_targets"": [""Q1"", ""Q2"", ""Q3"", ""S1"", ""S2"", ""S3""], ""s4_beta"": 2.0, ""s4_full_run"": ""public_lgb_targetwise_temporal_targetwise_s4_v1""}",Post-b130 S4-only ladder. Public trend is extrapolated; Q/S targets are fixed.
2026-05-04T00:16:06+09:00,toward_57_s4_ladder_20260504_b350,toward_57_s4_ladder,posthoc,0.5606879352559669,0.576383861095331,0.5704755789435806,0.5760261398371168,0.5085785568286453,0.5472188780919002,0.5261921632142684,0.6199403687809263,submissions/ready/lgb_temporal_s4b350.csv,"{""anchor_run"": ""public_lgb_targetwise_temporal_targetwise_v1"", ""fixed_targets"": [""Q1"", ""Q2"", ""Q3"", ""S1"", ""S2"", ""S3""], ""s4_beta"": 3.5, ""s4_full_run"": ""public_lgb_targetwise_temporal_targetwise_s4_v1""}",Post-b130 S4-only ladder. Public trend is extrapolated; Q/S targets are fixed.
2026-05-04T00:16:06+09:00,toward_57_s4_ladder_20260504_b500,toward_57_s4_ladder,posthoc,0.5623575795677753,0.576383861095331,0.5704755789435806,0.5760261398371168,0.5085785568286453,0.5472188780919002,0.5261921632142684,0.631627878963585,submissions/ready/lgb_temporal_s4b500.csv,"{""anchor_run"": ""public_lgb_targetwise_temporal_targetwise_v1"", ""fixed_targets"": [""Q1"", ""Q2"", ""Q3"", ""S1"", ""S2"", ""S3""], ""s4_beta"": 5.0, ""s4_full_run"": ""public_lgb_targetwise_temporal_targetwise_s4_v1""}",Post-b130 S4-only ladder. Public trend is extrapolated; Q/S targets are fixed.
2026-05-04T00:16:06+09:00,toward_57_s4_ladder_20260504_b650,toward_57_s4_ladder,posthoc,0.5652961542103195,0.576383861095331,0.5704755789435806,0.5760261398371168,0.5085785568286453,0.5472188780919002,0.5261921632142684,0.6521979014613952,submissions/ready/lgb_temporal_s4b650.csv,"{""anchor_run"": ""public_lgb_targetwise_temporal_targetwise_v1"", ""fixed_targets"": [""Q1"", ""Q2"", ""Q3"", ""S1"", ""S2"", ""S3""], ""s4_beta"": 6.5, ""s4_full_run"": ""public_lgb_targetwise_temporal_targetwise_s4_v1""}",Post-b130 S4-only ladder. Public trend is extrapolated; Q/S targets are fixed.
2026-05-04T00:29:58+09:00,post_b650_strategy_20260504_s4up650,post_b650_strategy,posthoc,0.5629556061376784,0.576383861095331,0.5704755789435806,0.5760261398371168,0.5085785568286453,0.5472188780919002,0.5261921632142684,0.6358140649529063,submissions/ready/lgb_temporal_s4up650.csv,"{""anchor_run"": ""public_lgb_targetwise_temporal_targetwise_v1"", ""qs_cal_params"": {}, ""s4_beta"": 6.5, ""s4_full_run"": ""public_lgb_targetwise_temporal_targetwise_s4_v1"", ""s4_mode"": ""up""}",First submit: decomposes b650 and tests whether the public gain came from raising S4 only.
2026-05-04T00:29:58+09:00,post_b650_strategy_20260504_s4b1200,post_b650_strategy,posthoc,0.5856962160870757,0.576383861095331,0.5704755789435806,0.5760261398371168,0.5085785568286453,0.5472188780919002,0.5261921632142684,0.7949983345986877,submissions/ready/lgb_temporal_s4b1200.csv,"{""anchor_run"": ""public_lgb_targetwise_temporal_targetwise_v1"", ""qs_cal_params"": {}, ""s4_beta"": 12.0, ""s4_full_run"": ""public_lgb_targetwise_temporal_targetwise_s4_v1"", ""s4_mode"": ""symmetric""}",Second submit only if S4 still looks alive; symmetric plateau check.
2026-05-04T00:29:58+09:00,post_b650_strategy_20260504_s4b650_qscal,post_b650_strategy,posthoc,0.5649090002159358,0.5749665620627868,0.570420945164246,0.5758149713974707,0.5083199459291087,0.546829265767597,0.5258134097289466,0.6521979014613952,submissions/ready/lgb_temporal_s4b650_qscal.csv,"{""anchor_run"": ""public_lgb_targetwise_temporal_targetwise_v1"", ""qs_cal_params"": {""Q1"": {""bias"": 0.0, ""temp"": 1.15}, ""Q2"": {""bias"": 0.0, ""temp"": 1.05}, ""Q3"": {""bias"": -0.025, ""temp"": 1.05}, ""S1"": {""bias"": -0.025, ""temp"": 1.05}, ""S2"": {""bias"": -0.075, ""temp"": 1.1}, ""S3"": {""bias"": -0.05, ""temp"": 1.1}}, ""s4_beta"": 6.5, ""s4_full_run"": ""public_lgb_targetwise_temporal_targetwise_s4_v1"", ""s4_mode"": ""symmetric""}",Non-S4 fallback: keep b650 S4 and add conservative OOF calibration on Q/S targets.
2026-05-04T00:29:58+09:00,post_b650_strategy_20260504_s4down650,post_b650_strategy,posthoc,0.5621850602177,0.576383861095331,0.5704755789435806,0.5760261398371168,0.5085785568286453,0.5472188780919002,0.5261921632142684,0.6304202435130583,submissions/ready/lgb_temporal_s4down650.csv,"{""anchor_run"": ""public_lgb_targetwise_temporal_targetwise_v1"", ""qs_cal_params"": {}, ""s4_beta"": 6.5, ""s4_full_run"": ""public_lgb_targetwise_temporal_targetwise_s4_v1"", ""s4_mode"": ""down""}",Diagnostic only if up650 fails; tests whether lowering S4 rows was the useful half.
2026-05-04T00:29:58+09:00,post_b650_strategy_20260504_s4b1800,post_b650_strategy,posthoc,0.6130690536290156,0.576383861095331,0.5704755789435806,0.5760261398371168,0.5085785568286453,0.5472188780919002,0.5261921632142684,0.9866081973922678,submissions/ready/lgb_temporal_s4b1800.csv,"{""anchor_run"": ""public_lgb_targetwise_temporal_targetwise_v1"", ""qs_cal_params"": {}, ""s4_beta"": 18.0, ""s4_full_run"": ""public_lgb_targetwise_temporal_targetwise_s4_v1"", ""s4_mode"": ""symmetric""}",Ceiling probe only if b1200 improves meaningfully; high clipping risk.
2026-05-05T15:11:09+09:00,qs_recovery_20260505_qshead160_s4b650,qs_recovery,posthoc,0.5650630985997749,0.5757808969246521,0.5700337342596413,0.5755115010542954,0.5085066151922717,0.5472188780919002,0.5261921632142684,0.6521979014613952,submissions/ready/submit_qshead160_s4b650.csv,"{""current_run"": ""public_lgb_targetwise_toward57_s4b650_20260504"", ""fixed_targets"": [""S4""], ""prior_run"": ""public_lgb_targetwise_temporal_prior_v1"", ""scales"": {""Q1"": 1.6, ""Q2"": 1.6, ""Q3"": 1.4, ""S1"": 1.25, ""S2"": 1.0, ""S3"": 1.0}, ""targetwise_run"": ""public_lgb_targetwise_temporal_targetwise_v1""}",First upload: push only Q1/Q2/Q3/S1; S2/S3/S4 fixed after public failures.
2026-05-05T15:11:09+09:00,qs_recovery_20260505_qshead135_s4b650,qs_recovery,posthoc,0.5651375503164848,0.5759817493566748,0.5701865473367532,0.5756583075417024,0.5085273052126994,0.5472188780919002,0.5261921632142684,0.6521979014613952,submissions/ready/submit_qshead135_s4b650.csv,"{""current_run"": ""public_lgb_targetwise_toward57_s4b650_20260504"", ""fixed_targets"": [""S4""], ""prior_run"": ""public_lgb_targetwise_temporal_prior_v1"", ""scales"": {""Q1"": 1.35, ""Q2"": 1.35, ""Q3"": 1.25, ""S1"": 1.15, ""S2"": 1.0, ""S3"": 1.0}, ""targetwise_run"": ""public_lgb_targetwise_temporal_targetwise_v1""}",Safer fallback if head160 is too aggressive.
2026-05-05T15:11:09+09:00,qs_recovery_20260505_qsmicro_s4b650,qs_recovery,posthoc,0.5651323172335517,0.5759817493566748,0.5701865473367532,0.5756583075417024,0.5085273052126994,0.5471914147056415,0.5261829950199957,0.6521979014613952,submissions/ready/submit_qsmicro_s4b650.csv,"{""current_run"": ""public_lgb_targetwise_toward57_s4b650_20260504"", ""fixed_targets"": [""S4""], ""prior_run"": ""public_lgb_targetwise_temporal_prior_v1"", ""scales"": {""Q1"": 1.35, ""Q2"": 1.35, ""Q3"": 1.25, ""S1"": 1.15, ""S2"": 1.035, ""S3"": 1.02}, ""targetwise_run"": ""public_lgb_targetwise_temporal_targetwise_v1""}",Small all-Q/S push; use only if head-only direction improves.
2026-05-05T15:11:09+09:00,qs_recovery_20260505_qscal_s4b650_fixed,qs_recovery,posthoc,0.5649090002159358,0.5749665620627868,0.570420945164246,0.5758149713974707,0.5083199459291087,0.546829265767597,0.5258134097289466,0.6521979014613952,submissions/ready/submit_qscal_s4b650_fixed.csv,"{""source_run"": ""public_lgb_targetwise_postb650_s4b650_qscal_20260504""}",Conservative fallback: keep b650 S4 and apply OOF-fitted Q/S calibration.
2026-05-05T15:27:47+09:00,s4_public_anchored_20260505_submit_s4sym800_s4b650,s4_public_anchored,posthoc,0.5697179367783727,0.576383861095331,0.5704755789435806,0.5760261398371168,0.5085785568286453,0.5472188780919002,0.5261921632142684,0.6831503794377662,submissions/ready/submit_s4sym800_s4b650.csv,"{""anchor_run"": ""public_lgb_targetwise_temporal_targetwise_v1"", ""fixed_targets"": [""Q1"", ""Q2"", ""Q3"", ""S1"", ""S2"", ""S3""], ""mode"": ""symmetric"", ""s4_beta"": 8.0, ""s4_full_run"": ""public_lgb_targetwise_temporal_targetwise_s4_v1""}","First upload: public-validated symmetric S4 axis, small step beyond b650."
2026-05-05T15:27:47+09:00,s4_public_anchored_20260505_submit_s4near950_s4b650,s4_public_anchored,posthoc,0.5746136578159157,0.576383861095331,0.5704755789435806,0.5760261398371168,0.5085785568286453,0.5472188780919002,0.5261921632142684,0.7174204267005672,submissions/ready/submit_s4near950_s4b650.csv,"{""anchor_run"": ""public_lgb_targetwise_temporal_targetwise_v1"", ""base_beta"": 6.5, ""fixed_targets"": [""Q1"", ""Q2"", ""Q3"", ""S1"", ""S2"", ""S3""], ""mode"": ""near_gated"", ""near_beta"": 9.5, ""near_days"": 7.0, ""s4_full_run"": ""public_lgb_targetwise_temporal_targetwise_s4_v1""}",Second only if sym800 improves: stronger S4 step only where nearest train label is within 7 days.
2026-05-05T15:27:47+09:00,s4_public_anchored_20260505_submit_s4sym950_s4b650,s4_public_anchored,posthoc,0.5746546620920518,0.576383861095331,0.5704755789435806,0.5760261398371168,0.5085785568286453,0.5472188780919002,0.5261921632142684,0.717707456633521,submissions/ready/submit_s4sym950_s4b650.csv,"{""anchor_run"": ""public_lgb_targetwise_temporal_targetwise_v1"", ""fixed_targets"": [""Q1"", ""Q2"", ""Q3"", ""S1"", ""S2"", ""S3""], ""mode"": ""symmetric"", ""s4_beta"": 9.5, ""s4_full_run"": ""public_lgb_targetwise_temporal_targetwise_s4_v1""}",Higher-risk continuation only if sym800 improves clearly.
2026-05-05T15:36:20+09:00,xgb_guarded_blend_20260505_guard003,xgb_guarded_blend,"42,1234",0.5652961542103195,0.576383861095331,0.5704755789435806,0.5760261398371168,0.5085785568286453,0.5472188780919002,0.5261921632142684,0.6521979014613952,submissions/ready/submit_xgb_guard003_s4b650.csv,"{""current_run"": ""public_lgb_targetwise_toward57_s4b650_20260504"", ""diagnostics"": {""Q1"": {""best_blend"": 0.576383861095331, ""current"": 0.576383861095331, ""gain"": 0.0, ""selected_weight"": 0.0, ""xgb"": 0.5923626181748839}, ""Q2"": {""best_blend"": 0.5704755789435806, ""current"": 0.5704755789435806, ""gain"": 0.0, ""selected_weight"": 0.0, ""xgb"": 0.6152698071927255}, ""Q3"": {""best_blend"": 0.5760261398371168, ""current"": 0.5760261398371168, ""gain"": 0.0, ""selected_weight"": 0.0, ""xgb"": 0.615884650540109}, ""S1"": {""best_blend"": 0.5085785568286453, ""current"": 0.5085785568286453, ""gain"": 0.0, ""selected_weight"": 0.0, ""xgb"": 0.5454219674753412}, ""S2"": {""best_blend"": 0.5472188780919002, ""current"": 0.5472188780919002, ""gain"": 0.0, ""selected_weight"": 0.0, ""xgb"": 0.5810902737738234}, ""S3"": {""best_blend"": 0.5261921632142684, ""current"": 0.5261921632142684, ""gain"": 0.0, ""selected_weight"": 0.0, ""xgb"": 0.5588852994873196}, ""S4"": {""best_blend"": 0.6521979014613952, ""current"": 0.6521979014613952, ""gain"": 0.0, ""selected_weight"": 0.0, ""xgb"": 0.6340701864823881}}, ""weights"": {""Q1"": 0.0, ""Q2"": 0.0, ""Q3"": 0.0, ""S1"": 0.0, ""S2"": 0.0, ""S3"": 0.0, ""S4"": 0.0}, ""xgb_run"": ""xgb_targetwise_histmix_guarded_20260505""}","First XGB upload if selected weights are non-zero: max 3% blend, S4 frozen."
2026-05-05T15:36:20+09:00,xgb_guarded_blend_20260505_guard005,xgb_guarded_blend,"42,1234",0.5652961542103195,0.576383861095331,0.5704755789435806,0.5760261398371168,0.5085785568286453,0.5472188780919002,0.5261921632142684,0.6521979014613952,submissions/ready/submit_xgb_guard005_s4b650.csv,"{""current_run"": ""public_lgb_targetwise_toward57_s4b650_20260504"", ""diagnostics"": {""Q1"": {""best_blend"": 0.576383861095331, ""current"": 0.576383861095331, ""gain"": 0.0, ""selected_weight"": 0.0, ""xgb"": 0.5923626181748839}, ""Q2"": {""best_blend"": 0.5704755789435806, ""current"": 0.5704755789435806, ""gain"": 0.0, ""selected_weight"": 0.0, ""xgb"": 0.6152698071927255}, ""Q3"": {""best_blend"": 0.5760261398371168, ""current"": 0.5760261398371168, ""gain"": 0.0, ""selected_weight"": 0.0, ""xgb"": 0.615884650540109}, ""S1"": {""best_blend"": 0.5085785568286453, ""current"": 0.5085785568286453, ""gain"": 0.0, ""selected_weight"": 0.0, ""xgb"": 0.5454219674753412}, ""S2"": {""best_blend"": 0.5472188780919002, ""current"": 0.5472188780919002, ""gain"": 0.0, ""selected_weight"": 0.0, ""xgb"": 0.5810902737738234}, ""S3"": {""best_blend"": 0.5261921632142684, ""current"": 0.5261921632142684, ""gain"": 0.0, ""selected_weight"": 0.0, ""xgb"": 0.5588852994873196}, ""S4"": {""best_blend"": 0.6521979014613952, ""current"": 0.6521979014613952, ""gain"": 0.0, ""selected_weight"": 0.0, ""xgb"": 0.6340701864823881}}, ""weights"": {""Q1"": 0.0, ""Q2"": 0.0, ""Q3"": 0.0, ""S1"": 0.0, ""S2"": 0.0, ""S3"": 0.0, ""S4"": 0.0}, ""xgb_run"": ""xgb_targetwise_histmix_guarded_20260505""}","Only if guard003 improves public: max 5% blend, S4 frozen."
